INSERT INTO pes_pessoa (pes_cpf,pes_nome,pes_tel_res,pes_tel_cel,pes_tel_com,pes_email) VALUES (16731739500,'Keaton Sweet','06 5493 5421','15 6989 6365','91 7889 0706','justo.Praesent@sitametmetus.org');
INSERT INTO pes_pessoa (pes_cpf,pes_nome,pes_tel_res,pes_tel_cel,pes_tel_com,pes_email) VALUES (95433649401,'Oprah Logan','18 3791 3788','93 3965 5619','48 1275 8841','mauris.Integer.sem@tortordictumeu.ca');
INSERT INTO pes_pessoa (pes_cpf,pes_nome,pes_tel_res,pes_tel_cel,pes_tel_com,pes_email) VALUES (32457754022,'Randall Fowler','50 3525 8618','04 9463 9137','01 6848 6925','adipiscing@velitQuisque.net');
INSERT INTO pes_pessoa (pes_cpf,pes_nome,pes_tel_res,pes_tel_cel,pes_tel_com,pes_email) VALUES (51561003958,'Drake Gregory','76 2249 9984','18 0089 9937','40 9568 6782','egestas.hendrerit@vestibulum.ca');
INSERT INTO pes_pessoa (pes_cpf,pes_nome,pes_tel_res,pes_tel_cel,pes_tel_com,pes_email) VALUES (03090140140,'Tatum Hanson','16 2089 3149','40 0311 3640','09 7304 6151','aptent.taciti@Fuscediam.org');
INSERT INTO pes_pessoa (pes_cpf,pes_nome,pes_tel_res,pes_tel_cel,pes_tel_com,pes_email) VALUES (81485369203,'Evan Hall','22 1983 4161','04 9976 4000','57 5115 3619','imperdiet.non@molestieintempus.org');
INSERT INTO pes_pessoa (pes_cpf,pes_nome,pes_tel_res,pes_tel_cel,pes_tel_com,pes_email) VALUES (13882906785,'Rogan Dejesus','91 8561 2062','08 0773 5444','39 6588 7562','non@Vivamus.net');
INSERT INTO pes_pessoa (pes_cpf,pes_nome,pes_tel_res,pes_tel_cel,pes_tel_com,pes_email) VALUES (97791024180,'Urielle King','45 8277 0222','56 3009 3398','60 4706 6449','molestie.in@eu.com');
INSERT INTO pes_pessoa (pes_cpf,pes_nome,pes_tel_res,pes_tel_cel,pes_tel_com,pes_email) VALUES (04503649456,'Anika King','46 9745 3035','23 9744 8164','71 0714 9887','Quisque.porttitor@Duis.com');
INSERT INTO pes_pessoa (pes_cpf,pes_nome,pes_tel_res,pes_tel_cel,pes_tel_com,pes_email) VALUES (87803183673,'Callum Moody','86 2503 8213','02 9158 6889','46 7296 1697','vitae.erat.vel@molestiein.com');
INSERT INTO pes_pessoa (pes_cpf,pes_nome,pes_tel_res,pes_tel_cel,pes_tel_com,pes_email) VALUES (95027148649,'Jack Ford','32 0446 7693','68 7055 9656','06 9723 6493','et@facilisis.ca');
INSERT INTO pes_pessoa (pes_cpf,pes_nome,pes_tel_res,pes_tel_cel,pes_tel_com,pes_email) VALUES (97348030031,'Barry Norman','27 9884 6618','73 7575 0964','75 7410 4857','Curae.Phasellus.ornare@consectetueripsumnunc.co.uk');
INSERT INTO pes_pessoa (pes_cpf,pes_nome,pes_tel_res,pes_tel_cel,pes_tel_com,pes_email) VALUES (57440987665,'Lance Burris','27 2828 3432','37 6441 2146','81 0666 6413','varius.et.euismod@felis.net');
INSERT INTO pes_pessoa (pes_cpf,pes_nome,pes_tel_res,pes_tel_cel,pes_tel_com,pes_email) VALUES (79294810325,'Peter Mayo','95 7121 8463','54 1651 7515','37 6041 6836','vel.faucibus@nulla.org');
INSERT INTO pes_pessoa (pes_cpf,pes_nome,pes_tel_res,pes_tel_cel,pes_tel_com,pes_email) VALUES (97084838819,'Kennan Hayes','37 9941 8929','73 5080 7598','78 3374 9703','dis@Aenean.edu');

INSERT INTO pes_pessoa (pes_cpf,pes_nome,pes_tel_res,pes_tel_cel,pes_tel_com,pes_email) VALUES (01174023180,'Daryl Hopper','03 8692 6931','80 9615 8691','94 3907 5658','diam@Lorem.co.uk');
INSERT INTO pes_pessoa (pes_cpf,pes_nome,pes_tel_res,pes_tel_cel,pes_tel_com,pes_email) VALUES (48839674716,'Todd Owen','06 2416 1604','19 1992 0236','89 3642 1174','dui@leo.org');
INSERT INTO pes_pessoa (pes_cpf,pes_nome,pes_tel_res,pes_tel_cel,pes_tel_com,pes_email) VALUES (90252813289,'Hayfa Stevens','06 1067 4555','73 2852 0163','00 3204 2208','ac.nulla@liberoMorbiaccumsan.com');
INSERT INTO pes_pessoa (pes_cpf,pes_nome,pes_tel_res,pes_tel_cel,pes_tel_com,pes_email) VALUES (09410776361,'Martina Cervantes','15 7574 7136','20 9147 5924','62 3836 8637','vel.est@Phasellusdolorelit.net');
INSERT INTO pes_pessoa (pes_cpf,pes_nome,pes_tel_res,pes_tel_cel,pes_tel_com,pes_email) VALUES (76801647159,'Tatum Dixon','88 5399 0114','19 6819 0923','36 0442 6028','turpis.In.condimentum@ataugueid.edu');
INSERT INTO pes_pessoa (pes_cpf,pes_nome,pes_tel_res,pes_tel_cel,pes_tel_com,pes_email) VALUES (00704995027,'Gillian Mcdowell','78 5020 1153','14 4205 9135','77 3930 9794','eget.venenatis@pedeblanditcongue.net');
INSERT INTO pes_pessoa (pes_cpf,pes_nome,pes_tel_res,pes_tel_cel,pes_tel_com,pes_email) VALUES (93184082698,'Macey Ochoa','14 7506 3345','68 4315 9839','86 9283 9767','mauris.erat@atauctorullamcorper.co.uk');
INSERT INTO pes_pessoa (pes_cpf,pes_nome,pes_tel_res,pes_tel_cel,pes_tel_com,pes_email) VALUES (80406657676,'Graiden Hughes','68 8732 2524','24 3993 0032','63 1294 0514','enim@Vestibulumaccumsan.ca');
INSERT INTO pes_pessoa (pes_cpf,pes_nome,pes_tel_res,pes_tel_cel,pes_tel_com,pes_email) VALUES (89148633010,'Benedict Vasquez','92 9496 1250','45 2256 6972','12 1022 3576','pretium@imperdietnon.com');
INSERT INTO pes_pessoa (pes_cpf,pes_nome,pes_tel_res,pes_tel_cel,pes_tel_com,pes_email) VALUES (76339795545,'Shay Nieves','35 3284 2073','64 2763 7259','64 4673 5053','urna.convallis.erat@etmagnis.com');
INSERT INTO pes_pessoa (pes_cpf,pes_nome,pes_tel_res,pes_tel_cel,pes_tel_com,pes_email) VALUES (53034358131,'Vincent Estrada','49 2223 4045','97 3327 1451','86 7798 3201','Praesent.interdum@adipiscingelit.co.uk');
INSERT INTO pes_pessoa (pes_cpf,pes_nome,pes_tel_res,pes_tel_cel,pes_tel_com,pes_email) VALUES (53639920356,'Tatyana Mejia','26 6266 4367','87 8349 1221','45 9692 6046','molestie.arcu@litora.co.uk');
INSERT INTO pes_pessoa (pes_cpf,pes_nome,pes_tel_res,pes_tel_cel,pes_tel_com,pes_email) VALUES (03604167615,'Honorato Pickett','65 3209 4755','61 9641 2962','96 9612 3236','sodales@Donecelementum.co.uk');
INSERT INTO pes_pessoa (pes_cpf,pes_nome,pes_tel_res,pes_tel_cel,pes_tel_com,pes_email) VALUES (00509409247,'Hammett Burke','71 1449 7299','46 4415 8602','39 9273 8307','neque.non@suscipitnonummy.co.uk');
INSERT INTO pes_pessoa (pes_cpf,pes_nome,pes_tel_res,pes_tel_cel,pes_tel_com,pes_email) VALUES (92547921225,'Connor Henson','74 6382 6013','33 3914 1535','27 3553 1531','posuere.cubilia.Curae@sollicitudin.co.uk');
--select * from pes_pessoa;


INSERT INTO cli_cliente (cli_cpf,cli_endereco) VALUES (16731739500,'Ap #605-8161 Maecenas St.');
INSERT INTO cli_cliente (cli_cpf,cli_endereco) VALUES (95433649401,'Ap #286-5129 Integer St.');
INSERT INTO cli_cliente (cli_cpf,cli_endereco) VALUES (32457754022,'P.O. Box 879, 6854 Eget St.');
INSERT INTO cli_cliente (cli_cpf,cli_endereco) VALUES (51561003958,'3118 Consequat, Ave');
INSERT INTO cli_cliente (cli_cpf,cli_endereco) VALUES (03090140140,'P.O. Box 497, 8051 Amet, Av.');
INSERT INTO cli_cliente (cli_cpf,cli_endereco) VALUES (81485369203,'394-3224 Fames Avenue');
INSERT INTO cli_cliente (cli_cpf,cli_endereco) VALUES (13882906785,'Ap #167-831 Felis St.');
INSERT INTO cli_cliente (cli_cpf,cli_endereco) VALUES (97791024180,'P.O. Box 295, 1702 In, Road');
INSERT INTO cli_cliente (cli_cpf,cli_endereco) VALUES (04503649456,'P.O. Box 154, 6670 Urna. St.');
INSERT INTO cli_cliente (cli_cpf,cli_endereco) VALUES (87803183673,'P.O. Box 398, 9698 Nulla Avenue');
INSERT INTO cli_cliente (cli_cpf,cli_endereco) VALUES (95027148649,'2015 Vestibulum Rd.');
INSERT INTO cli_cliente (cli_cpf,cli_endereco) VALUES (97348030031,'Ap #452-3381 Tempor St.');
INSERT INTO cli_cliente (cli_cpf,cli_endereco) VALUES (57440987665,'764-6195 Molestie St.');
INSERT INTO cli_cliente (cli_cpf,cli_endereco) VALUES (79294810325,'P.O. Box 587, 2923 Nulla Rd.');
INSERT INTO cli_cliente (cli_cpf,cli_endereco) VALUES (97084838819,'8413 Ligula St.');
--select * from cli_cliente;


INSERT INTO fun_funcionario (fun_cpf,fun_cargo,fun_re) VALUES (01174023180,'Vendedor',8230);
INSERT INTO fun_funcionario (fun_cpf,fun_cargo,fun_re) VALUES (48839674716,'Vendedor',8339);
INSERT INTO fun_funcionario (fun_cpf,fun_cargo,fun_re) VALUES (90252813289,'Vendedor',2026);
INSERT INTO fun_funcionario (fun_cpf,fun_cargo,fun_re) VALUES (09410776361,'Vendedor',3955);
INSERT INTO fun_funcionario (fun_cpf,fun_cargo,fun_re) VALUES (76801647159,'Vendedor',3413);
INSERT INTO fun_funcionario (fun_cpf,fun_cargo,fun_re) VALUES (00704995027,'Vendedor',1724);
INSERT INTO fun_funcionario (fun_cpf,fun_cargo,fun_re) VALUES (93184082698,'Vendedor',4709);
INSERT INTO fun_funcionario (fun_cpf,fun_cargo,fun_re) VALUES (80406657676,'Vendedor',2523);
INSERT INTO fun_funcionario (fun_cpf,fun_cargo,fun_re) VALUES (89148633010,'Vendedor',7463);
INSERT INTO fun_funcionario (fun_cpf,fun_cargo,fun_re) VALUES (76339795545,'Vendedor',0526);
INSERT INTO fun_funcionario (fun_cpf,fun_cargo,fun_re) VALUES (53034358131,'Vendedor',2759);
INSERT INTO fun_funcionario (fun_cpf,fun_cargo,fun_re) VALUES (53639920356,'Vendedor',8601);
INSERT INTO fun_funcionario (fun_cpf,fun_cargo,fun_re) VALUES (03604167615,'Supervisor',0067);
INSERT INTO fun_funcionario (fun_cpf,fun_cargo,fun_re) VALUES (00509409247,'Gerente',3131);
INSERT INTO fun_funcionario (fun_cpf,fun_cargo,fun_re) VALUES (92547921225,'Diretor',0163);
--select * from fun_funcionario;


INSERT INTO aut_autor (aut_id,aut_nome,aut_nacionalidade) VALUES (aut_id_seq.nextval,'Sydnee Hammond','Kiribati');
INSERT INTO aut_autor (aut_id,aut_nome,aut_nacionalidade) VALUES (aut_id_seq.nextval,'Fay Giles','Mali');
INSERT INTO aut_autor (aut_id,aut_nome,aut_nacionalidade) VALUES (aut_id_seq.nextval,'Caesar Beach','Antigua and Barbuda');
INSERT INTO aut_autor (aut_id,aut_nome,aut_nacionalidade) VALUES (aut_id_seq.nextval,'Demetrius Perry','Taiwan');
INSERT INTO aut_autor (aut_id,aut_nome,aut_nacionalidade) VALUES (aut_id_seq.nextval,'Kaseem Carter','Bolivia');
INSERT INTO aut_autor (aut_id,aut_nome,aut_nacionalidade) VALUES (aut_id_seq.nextval,'Veronica Harrison','Tokelau');
INSERT INTO aut_autor (aut_id,aut_nome,aut_nacionalidade) VALUES (aut_id_seq.nextval,'Ariel Horton','Macedonia');
INSERT INTO aut_autor (aut_id,aut_nome,aut_nacionalidade) VALUES (aut_id_seq.nextval,'Nero Hayden','Viet Nam');
INSERT INTO aut_autor (aut_id,aut_nome,aut_nacionalidade) VALUES (aut_id_seq.nextval,'Eleanor Holcomb','Niue');
INSERT INTO aut_autor (aut_id,aut_nome,aut_nacionalidade) VALUES (aut_id_seq.nextval,'Kirk Lowery','Guatemala');
INSERT INTO aut_autor (aut_id,aut_nome,aut_nacionalidade) VALUES (aut_id_seq.nextval,'Zeph Collier','Vanuatu');
INSERT INTO aut_autor (aut_id,aut_nome,aut_nacionalidade) VALUES (aut_id_seq.nextval,'Pearl Hood','Greenland');
INSERT INTO aut_autor (aut_id,aut_nome,aut_nacionalidade) VALUES (aut_id_seq.nextval,'Devin Mcgowan','Zambia');
INSERT INTO aut_autor (aut_id,aut_nome,aut_nacionalidade) VALUES (aut_id_seq.nextval,'Gisela Holloway','Ukraine');
INSERT INTO aut_autor (aut_id,aut_nome,aut_nacionalidade) VALUES (aut_id_seq.nextval,'Brock Lucas','Poland');
INSERT INTO aut_autor (aut_id,aut_nome,aut_nacionalidade) VALUES (aut_id_seq.nextval,'Glenna Clay','Antarctica');
INSERT INTO aut_autor (aut_id,aut_nome,aut_nacionalidade) VALUES (aut_id_seq.nextval,'Imogene Frederick','Russian Federation');
INSERT INTO aut_autor (aut_id,aut_nome,aut_nacionalidade) VALUES (aut_id_seq.nextval,'Julian Trujillo','San Marino');
INSERT INTO aut_autor (aut_id,aut_nome,aut_nacionalidade) VALUES (aut_id_seq.nextval,'Hedda Mckay','Marshall Islands');
INSERT INTO aut_autor (aut_id,aut_nome,aut_nacionalidade) VALUES (aut_id_seq.nextval,'Aiko Pickett','Cayman Islands');
INSERT INTO aut_autor (aut_id,aut_nome,aut_nacionalidade) VALUES (aut_id_seq.nextval,'Liberty Johns','Australia');
INSERT INTO aut_autor (aut_id,aut_nome,aut_nacionalidade) VALUES (aut_id_seq.nextval,'Daryl Wise','Comoros');
INSERT INTO aut_autor (aut_id,aut_nome,aut_nacionalidade) VALUES (aut_id_seq.nextval,'Nita Joseph','Netherlands');
INSERT INTO aut_autor (aut_id,aut_nome,aut_nacionalidade) VALUES (aut_id_seq.nextval,'Maile Randall','Timor-Leste');
INSERT INTO aut_autor (aut_id,aut_nome,aut_nacionalidade) VALUES (aut_id_seq.nextval,'Kelly Fox','Brunei');
INSERT INTO aut_autor (aut_id,aut_nome,aut_nacionalidade) VALUES (aut_id_seq.nextval,'Victor Thompson','Saint Martin');
INSERT INTO aut_autor (aut_id,aut_nome,aut_nacionalidade) VALUES (aut_id_seq.nextval,'Portia Dejesus','Mali');
INSERT INTO aut_autor (aut_id,aut_nome,aut_nacionalidade) VALUES (aut_id_seq.nextval,'Amber Rush','Mali');
INSERT INTO aut_autor (aut_id,aut_nome,aut_nacionalidade) VALUES (aut_id_seq.nextval,'Hedwig Haynes','Heard Island and Mcdonald Islands');
INSERT INTO aut_autor (aut_id,aut_nome,aut_nacionalidade) VALUES (aut_id_seq.nextval,'Rebecca Mcguire','Eritrea');
--select * from aut_autor;


INSERT INTO liv_livro (liv_isbn,liv_nome,liv_genero,liv_editora,liv_ano_edicao,liv_num_edicao) VALUES (830834518949791,'semper','Terror','Neque Associates',1948,5);
INSERT INTO liv_livro (liv_isbn,liv_nome,liv_genero,liv_editora,liv_ano_edicao,liv_num_edicao) VALUES (275594812255750,'egestas, urna','Policial','Sapien Aenean Massa LLP',1959,4);
INSERT INTO liv_livro (liv_isbn,liv_nome,liv_genero,liv_editora,liv_ano_edicao,liv_num_edicao) VALUES (258484408075896,'convallis dolor. Quisque tincidunt pede','Didático','Nunc Risus Associates',2009,2);
INSERT INTO liv_livro (liv_isbn,liv_nome,liv_genero,liv_editora,liv_ano_edicao,liv_num_edicao) VALUES (771874907945100,'cursus, diam','Fantasia','Quis Massa Mauris Inc.',1944,10);
INSERT INTO liv_livro (liv_isbn,liv_nome,liv_genero,liv_editora,liv_ano_edicao,liv_num_edicao) VALUES (056437381262466,'Proin ultrices. Duis volutpat nunc','Comédia','Luctus Aliquet Consulting',1920,1);
INSERT INTO liv_livro (liv_isbn,liv_nome,liv_genero,liv_editora,liv_ano_edicao,liv_num_edicao) VALUES (041729687101428,'ornare, facilisis eget, ipsum.','Ficção Científica','Nisl Elementum Purus Incorporated',1938,6);
INSERT INTO liv_livro (liv_isbn,liv_nome,liv_genero,liv_editora,liv_ano_edicao,liv_num_edicao) VALUES (411349984456857,'Integer sem elit, pharetra','Ficção Científica','Nam Consequat Foundation',2012,10);
INSERT INTO liv_livro (liv_isbn,liv_nome,liv_genero,liv_editora,liv_ano_edicao,liv_num_edicao) VALUES (273760421690649,'pede ac urna. Ut','Aventura','Dictum Mi Ac LLP',1956,9);
INSERT INTO liv_livro (liv_isbn,liv_nome,liv_genero,liv_editora,liv_ano_edicao,liv_num_edicao) VALUES (774148283901930,'amet luctus','Policial','Aliquet LLP',2014,9);
INSERT INTO liv_livro (liv_isbn,liv_nome,liv_genero,liv_editora,liv_ano_edicao,liv_num_edicao) VALUES (542815208226206,'neque et','Drama','Dolor Donec Associates',1994,7);
INSERT INTO liv_livro (liv_isbn,liv_nome,liv_genero,liv_editora,liv_ano_edicao,liv_num_edicao) VALUES (283523850066088,'bibendum ullamcorper.','Comédia','Magna Praesent Interdum Corp.',2018,3);
INSERT INTO liv_livro (liv_isbn,liv_nome,liv_genero,liv_editora,liv_ano_edicao,liv_num_edicao) VALUES (533676867339060,'semper cursus. Integer','Terror','Vulputate Mauris Institute',1934,2);
INSERT INTO liv_livro (liv_isbn,liv_nome,liv_genero,liv_editora,liv_ano_edicao,liv_num_edicao) VALUES (022524678866842,'velit','Policial','Congue In Scelerisque Consulting',1957,1);
INSERT INTO liv_livro (liv_isbn,liv_nome,liv_genero,liv_editora,liv_ano_edicao,liv_num_edicao) VALUES (248602793568432,'aliquet lobortis, nisi nibh','Drama','Velit Justo Limited',1930,3);
INSERT INTO liv_livro (liv_isbn,liv_nome,liv_genero,liv_editora,liv_ano_edicao,liv_num_edicao) VALUES (194887593769032,'leo.','Aventura','Neque Ltd',1938,8);
INSERT INTO liv_livro (liv_isbn,liv_nome,liv_genero,liv_editora,liv_ano_edicao,liv_num_edicao) VALUES (944560517384741,'non massa non','Fantasia','Cum Sociis Natoque Corp.',1918,9);
INSERT INTO liv_livro (liv_isbn,liv_nome,liv_genero,liv_editora,liv_ano_edicao,liv_num_edicao) VALUES (229428391588968,'odio.','Romance','Primis Foundation',1993,1);
INSERT INTO liv_livro (liv_isbn,liv_nome,liv_genero,liv_editora,liv_ano_edicao,liv_num_edicao) VALUES (776957925787985,'Sed congue, elit','Drama','Penatibus Et Magnis LLC',1969,3);
INSERT INTO liv_livro (liv_isbn,liv_nome,liv_genero,liv_editora,liv_ano_edicao,liv_num_edicao) VALUES (907064076478516,'arcu.','Terror','Massa Lobortis Company',2001,4);
INSERT INTO liv_livro (liv_isbn,liv_nome,liv_genero,liv_editora,liv_ano_edicao,liv_num_edicao) VALUES (497251217802048,'Nulla facilisis. Suspendisse','Ficção Científica','Aliquam Nec Enim Inc.',1911,2);
INSERT INTO liv_livro (liv_isbn,liv_nome,liv_genero,liv_editora,liv_ano_edicao,liv_num_edicao) VALUES (200384629188569,'mauris blandit','Biografia','Nibh Company',1969,10);
INSERT INTO liv_livro (liv_isbn,liv_nome,liv_genero,liv_editora,liv_ano_edicao,liv_num_edicao) VALUES (472099652721002,'et arcu imperdiet','Ficção Científica','Sem Elit Institute',1910,3);
INSERT INTO liv_livro (liv_isbn,liv_nome,liv_genero,liv_editora,liv_ano_edicao,liv_num_edicao) VALUES (060711239435271,'non arcu. Vivamus','Biografia','Ac Incorporated',1982,10);
INSERT INTO liv_livro (liv_isbn,liv_nome,liv_genero,liv_editora,liv_ano_edicao,liv_num_edicao) VALUES (644767223055432,'Phasellus libero mauris,','Aventura','Augue Limited',2013,10);
INSERT INTO liv_livro (liv_isbn,liv_nome,liv_genero,liv_editora,liv_ano_edicao,liv_num_edicao) VALUES (627214970580450,'lacus pede sagittis','Ficção Científica','Velit Eu Sem Consulting',1904,4);
INSERT INTO liv_livro (liv_isbn,liv_nome,liv_genero,liv_editora,liv_ano_edicao,liv_num_edicao) VALUES (941978707325312,'nunc. In at pede.','Drama','Molestie Company',1943,9);
INSERT INTO liv_livro (liv_isbn,liv_nome,liv_genero,liv_editora,liv_ano_edicao,liv_num_edicao) VALUES (926971704812581,'Donec tincidunt.','Drama','Vel Sapien Industries',1993,6);
INSERT INTO liv_livro (liv_isbn,liv_nome,liv_genero,liv_editora,liv_ano_edicao,liv_num_edicao) VALUES (641252529884407,'Mauris','Biografia','Nam Interdum Consulting',1904,8);
INSERT INTO liv_livro (liv_isbn,liv_nome,liv_genero,liv_editora,liv_ano_edicao,liv_num_edicao) VALUES (625578139540532,'ac','Policial','Velit Eu Sem Foundation',1921,8);
INSERT INTO liv_livro (liv_isbn,liv_nome,liv_genero,liv_editora,liv_ano_edicao,liv_num_edicao) VALUES (128703946168814,'In ornare','Biografia','Sed Eu Institute',2012,7);
--select * from liv_livro;


INSERT INTO atr_autoria (aut_id,liv_isbn) VALUES (1,830834518949791);
INSERT INTO atr_autoria (aut_id,liv_isbn) VALUES (1,275594812255750);
INSERT INTO atr_autoria (aut_id,liv_isbn) VALUES (3,258484408075896);
INSERT INTO atr_autoria (aut_id,liv_isbn) VALUES (4,771874907945100);
INSERT INTO atr_autoria (aut_id,liv_isbn) VALUES (5,056437381262466);
INSERT INTO atr_autoria (aut_id,liv_isbn) VALUES (6,041729687101428);
INSERT INTO atr_autoria (aut_id,liv_isbn) VALUES (1,411349984456857);
INSERT INTO atr_autoria (aut_id,liv_isbn) VALUES (8,273760421690649);
INSERT INTO atr_autoria (aut_id,liv_isbn) VALUES (9,774148283901930);
INSERT INTO atr_autoria (aut_id,liv_isbn) VALUES (3,542815208226206);
INSERT INTO atr_autoria (aut_id,liv_isbn) VALUES (11,283523850066088);
INSERT INTO atr_autoria (aut_id,liv_isbn) VALUES (1,533676867339060);
INSERT INTO atr_autoria (aut_id,liv_isbn) VALUES (2,022524678866842);
INSERT INTO atr_autoria (aut_id,liv_isbn) VALUES (3,248602793568432);
INSERT INTO atr_autoria (aut_id,liv_isbn) VALUES (15,194887593769032);
INSERT INTO atr_autoria (aut_id,liv_isbn) VALUES (16,944560517384741);
INSERT INTO atr_autoria (aut_id,liv_isbn) VALUES (17,229428391588968);
INSERT INTO atr_autoria (aut_id,liv_isbn) VALUES (18,776957925787985);
INSERT INTO atr_autoria (aut_id,liv_isbn) VALUES (19,907064076478516);
INSERT INTO atr_autoria (aut_id,liv_isbn) VALUES (20,497251217802048);
INSERT INTO atr_autoria (aut_id,liv_isbn) VALUES (11,200384629188569);
INSERT INTO atr_autoria (aut_id,liv_isbn) VALUES (22,472099652721002);
INSERT INTO atr_autoria (aut_id,liv_isbn) VALUES (23,060711239435271);
INSERT INTO atr_autoria (aut_id,liv_isbn) VALUES (24,644767223055432);
INSERT INTO atr_autoria (aut_id,liv_isbn) VALUES (25,627214970580450);
INSERT INTO atr_autoria (aut_id,liv_isbn) VALUES (26,941978707325312);
INSERT INTO atr_autoria (aut_id,liv_isbn) VALUES (27,926971704812581);
INSERT INTO atr_autoria (aut_id,liv_isbn) VALUES (28,641252529884407);
INSERT INTO atr_autoria (aut_id,liv_isbn) VALUES (29,625578139540532);
INSERT INTO atr_autoria (aut_id,liv_isbn) VALUES (29,128703946168814);
--select * from atr_autoria;


INSERT INTO for_fornecedor (for_id,for_nome,for_empresa) VALUES (for_id_seq.nextval,'arcu ac orci.','Erat In Corp.');
INSERT INTO for_fornecedor (for_id,for_nome,for_empresa) VALUES (for_id_seq.nextval,'malesuada fringilla','Dapibus Ltd');
INSERT INTO for_fornecedor (for_id,for_nome,for_empresa) VALUES (for_id_seq.nextval,'In ornare sagittis','Sem Nulla Institute');
INSERT INTO for_fornecedor (for_id,for_nome,for_empresa) VALUES (for_id_seq.nextval,'aptent taciti sociosqu','Ultricies Consulting');
INSERT INTO for_fornecedor (for_id,for_nome,for_empresa) VALUES (for_id_seq.nextval,'est tempor','Posuere Institute');
INSERT INTO for_fornecedor (for_id,for_nome,for_empresa) VALUES (for_id_seq.nextval,'ante dictum','Aenean Industries');
INSERT INTO for_fornecedor (for_id,for_nome,for_empresa) VALUES (for_id_seq.nextval,'a purus.','Netus Et Inc.');
INSERT INTO for_fornecedor (for_id,for_nome,for_empresa) VALUES (for_id_seq.nextval,'non, vestibulum','Adipiscing Fringilla Corporation');
INSERT INTO for_fornecedor (for_id,for_nome,for_empresa) VALUES (for_id_seq.nextval,'erat. Vivamus nisi.','Augue LLC');
INSERT INTO for_fornecedor (for_id,for_nome,for_empresa) VALUES (for_id_seq.nextval,'purus ac','Sed Facilisis Institute');
INSERT INTO for_fornecedor (for_id,for_nome,for_empresa) VALUES (for_id_seq.nextval,'tellus id','Eu Lacus Corporation');
INSERT INTO for_fornecedor (for_id,for_nome,for_empresa) VALUES (for_id_seq.nextval,'imperdiet, erat nonummy','Pellentesque Tellus Industries');
INSERT INTO for_fornecedor (for_id,for_nome,for_empresa) VALUES (for_id_seq.nextval,'condimentum. Donec at','Phasellus Institute');
INSERT INTO for_fornecedor (for_id,for_nome,for_empresa) VALUES (for_id_seq.nextval,'vulputate mauris sagittis','Donec Non Justo Corp.');
INSERT INTO for_fornecedor (for_id,for_nome,for_empresa) VALUES (for_id_seq.nextval,'Duis mi enim,','Orci Consectetuer Euismod Corp.');
INSERT INTO for_fornecedor (for_id,for_nome,for_empresa) VALUES (for_id_seq.nextval,'Suspendisse tristique neque','Accumsan Convallis Ante Company');
INSERT INTO for_fornecedor (for_id,for_nome,for_empresa) VALUES (for_id_seq.nextval,'dictum placerat, augue.','Sociis PC');
INSERT INTO for_fornecedor (for_id,for_nome,for_empresa) VALUES (for_id_seq.nextval,'mus. Proin vel','Sed Sem Ltd');
INSERT INTO for_fornecedor (for_id,for_nome,for_empresa) VALUES (for_id_seq.nextval,'sociis natoque','Ut LLP');
INSERT INTO for_fornecedor (for_id,for_nome,for_empresa) VALUES (for_id_seq.nextval,'eget, ipsum. Donec','Molestie Tellus Aenean Corporation');
INSERT INTO for_fornecedor (for_id,for_nome,for_empresa) VALUES (for_id_seq.nextval,'neque non','Nulla Interdum Curabitur Industries');
INSERT INTO for_fornecedor (for_id,for_nome,for_empresa) VALUES (for_id_seq.nextval,'imperdiet non, vestibulum','Morbi Quis Associates');
INSERT INTO for_fornecedor (for_id,for_nome,for_empresa) VALUES (for_id_seq.nextval,'nunc. In at','Nisi Ltd');
INSERT INTO for_fornecedor (for_id,for_nome,for_empresa) VALUES (for_id_seq.nextval,'In scelerisque','Ultricies Associates');
INSERT INTO for_fornecedor (for_id,for_nome,for_empresa) VALUES (for_id_seq.nextval,'elit erat','Sed Molestie Sed Corp.');
INSERT INTO for_fornecedor (for_id,for_nome,for_empresa) VALUES (for_id_seq.nextval,'condimentum eget, volutpat','Suspendisse Non Institute');
INSERT INTO for_fornecedor (for_id,for_nome,for_empresa) VALUES (for_id_seq.nextval,'Fusce aliquet','Nisi Cum Sociis Company');
INSERT INTO for_fornecedor (for_id,for_nome,for_empresa) VALUES (for_id_seq.nextval,'sit amet','Ligula Consectetuer Rhoncus Corp.');
INSERT INTO for_fornecedor (for_id,for_nome,for_empresa) VALUES (for_id_seq.nextval,'eu sem.','Elit Curabitur Sed Associates');
INSERT INTO for_fornecedor (for_id,for_nome,for_empresa) VALUES (for_id_seq.nextval,'quis diam luctus','At Risus Nunc LLC');
--select * from for_fornecedor;


INSERT INTO ven_venda (ven_id,cli_cpf,fun_cpf,ven_data) VALUES (ven_id_seq.nextval,16731739500,01174023180,to_date('24/02/2020','dd/mm/yyyy'));
INSERT INTO ven_venda (ven_id,cli_cpf,fun_cpf,ven_data) VALUES (ven_id_seq.nextval,95433649401,01174023180,to_date('24/07/2020','dd/mm/yyyy'));
INSERT INTO ven_venda (ven_id,cli_cpf,fun_cpf,ven_data) VALUES (ven_id_seq.nextval,32457754022,01174023180,to_date('18/01/2020','dd/mm/yyyy'));
INSERT INTO ven_venda (ven_id,cli_cpf,fun_cpf,ven_data) VALUES (ven_id_seq.nextval,51561003958,01174023180,to_date('10/05/2019','dd/mm/yyyy'));
INSERT INTO ven_venda (ven_id,cli_cpf,fun_cpf,ven_data) VALUES (ven_id_seq.nextval,03090140140,01174023180,to_date('18/02/2020','dd/mm/yyyy'));
INSERT INTO ven_venda (ven_id,cli_cpf,fun_cpf,ven_data) VALUES (ven_id_seq.nextval,81485369203,01174023180,to_date('18/12/2020','dd/mm/yyyy'));
INSERT INTO ven_venda (ven_id,cli_cpf,fun_cpf,ven_data) VALUES (ven_id_seq.nextval,13882906785,48839674716,to_date('18/02/2019','dd/mm/yyyy'));
INSERT INTO ven_venda (ven_id,cli_cpf,fun_cpf,ven_data) VALUES (ven_id_seq.nextval,97791024180,48839674716,to_date('04/07/2020','dd/mm/yyyy'));
INSERT INTO ven_venda (ven_id,cli_cpf,fun_cpf,ven_data) VALUES (ven_id_seq.nextval,04503649456,90252813289,to_date('15/06/2021','dd/mm/yyyy'));
INSERT INTO ven_venda (ven_id,cli_cpf,fun_cpf,ven_data) VALUES (ven_id_seq.nextval,87803183673,90252813289,to_date('18/01/2021','dd/mm/yyyy'));
INSERT INTO ven_venda (ven_id,cli_cpf,fun_cpf,ven_data) VALUES (ven_id_seq.nextval,95027148649,09410776361,to_date('08/08/2020','dd/mm/yyyy'));
INSERT INTO ven_venda (ven_id,cli_cpf,fun_cpf,ven_data) VALUES (ven_id_seq.nextval,16731739500,76801647159,to_date('20/06/2019','dd/mm/yyyy'));
INSERT INTO ven_venda (ven_id,cli_cpf,fun_cpf,ven_data) VALUES (ven_id_seq.nextval,16731739500,76801647159,to_date('15/01/2021','dd/mm/yyyy'));
INSERT INTO ven_venda (ven_id,cli_cpf,fun_cpf,ven_data) VALUES (ven_id_seq.nextval,95433649401,76801647159,to_date('24/05/2020','dd/mm/yyyy'));
INSERT INTO ven_venda (ven_id,cli_cpf,fun_cpf,ven_data) VALUES (ven_id_seq.nextval,95433649401,00704995027,to_date('05/01/2020','dd/mm/yyyy'));
INSERT INTO ven_venda (ven_id,cli_cpf,fun_cpf,ven_data) VALUES (ven_id_seq.nextval,51561003958,00704995027,to_date('13/12/2019','dd/mm/yyyy'));
INSERT INTO ven_venda (ven_id,cli_cpf,fun_cpf,ven_data) VALUES (ven_id_seq.nextval,51561003958,93184082698,to_date('09/12/2020','dd/mm/yyyy'));
INSERT INTO ven_venda (ven_id,cli_cpf,fun_cpf,ven_data) VALUES (ven_id_seq.nextval,03090140140,80406657676,to_date('01/05/2019','dd/mm/yyyy'));
INSERT INTO ven_venda (ven_id,cli_cpf,fun_cpf,ven_data) VALUES (ven_id_seq.nextval,03090140140,89148633010,to_date('22/08/2020','dd/mm/yyyy'));
INSERT INTO ven_venda (ven_id,cli_cpf,fun_cpf,ven_data) VALUES (ven_id_seq.nextval,81485369203,76339795545,to_date('21/02/2020','dd/mm/yyyy'));
INSERT INTO ven_venda (ven_id,cli_cpf,fun_cpf,ven_data) VALUES (ven_id_seq.nextval,13882906785,76339795545,to_date('13/06/2019','dd/mm/yyyy'));
INSERT INTO ven_venda (ven_id,cli_cpf,fun_cpf,ven_data) VALUES (ven_id_seq.nextval,13882906785,76339795545,to_date('14/06/2020','dd/mm/yyyy'));
INSERT INTO ven_venda (ven_id,cli_cpf,fun_cpf,ven_data) VALUES (ven_id_seq.nextval,51561003958,76339795545,to_date('01/11/2020','dd/mm/yyyy'));
INSERT INTO ven_venda (ven_id,cli_cpf,fun_cpf,ven_data) VALUES (ven_id_seq.nextval,51561003958,03604167615,to_date('25/12/2019','dd/mm/yyyy'));
INSERT INTO ven_venda (ven_id,cli_cpf,fun_cpf,ven_data) VALUES (ven_id_seq.nextval,95027148649,00704995027,to_date('03/06/2020','dd/mm/yyyy'));
INSERT INTO ven_venda (ven_id,cli_cpf,fun_cpf,ven_data) VALUES (ven_id_seq.nextval,95027148649,00704995027,to_date('07/07/2020','dd/mm/yyyy'));
INSERT INTO ven_venda (ven_id,cli_cpf,fun_cpf,ven_data) VALUES (ven_id_seq.nextval,51561003958,00704995027,to_date('16/05/2020','dd/mm/yyyy'));
INSERT INTO ven_venda (ven_id,cli_cpf,fun_cpf,ven_data) VALUES (ven_id_seq.nextval,51561003958,00704995027,to_date('29/06/2019','dd/mm/yyyy'));
INSERT INTO ven_venda (ven_id,cli_cpf,fun_cpf,ven_data) VALUES (ven_id_seq.nextval,95027148649,00704995027,to_date('19/06/2020','dd/mm/yyyy'));
INSERT INTO ven_venda (ven_id,cli_cpf,fun_cpf,ven_data) VALUES (ven_id_seq.nextval,95027148649,76801647159,to_date('25/01/2019','dd/mm/yyyy'));
--select * from ven_venda;


INSERT INTO exe_exemplar (liv_isbn,exe_id,exe_paginas,exe_idioma,exe_pais,exe_acabamento,exe_valor,for_id,ven_id) VALUES (830834518949791,exe_id_seq.nextval,1307,'Português','Guinea-Bissau','ut',40.91,1,18);
INSERT INTO exe_exemplar (liv_isbn,exe_id,exe_paginas,exe_idioma,exe_pais,exe_acabamento,exe_valor,for_id,ven_id) VALUES (275594812255750,exe_id_seq.nextval,1237,'Português','United Kingdom (Great Britain)','cursus',50.69,1,30);
INSERT INTO exe_exemplar (liv_isbn,exe_id,exe_paginas,exe_idioma,exe_pais,exe_acabamento,exe_valor,for_id,ven_id) VALUES (830834518949791,exe_id_seq.nextval,1299,'Espanhol','United Kingdom (Great Britain)','In condimentum.',80.60,11,15);
INSERT INTO exe_exemplar (liv_isbn,exe_id,exe_paginas,exe_idioma,exe_pais,exe_acabamento,exe_valor,for_id,ven_id) VALUES (258484408075896,exe_id_seq.nextval,280,'Inglês','Vanuatu','nunc',80.45,2,16);
INSERT INTO exe_exemplar (liv_isbn,exe_id,exe_paginas,exe_idioma,exe_pais,exe_acabamento,exe_valor,for_id,ven_id) VALUES (771874907945100,exe_id_seq.nextval,327,'Italiano','Antigua and Barbuda','vestibulum. Mauris',60.41,3,17);
INSERT INTO exe_exemplar (liv_isbn,exe_id,exe_paginas,exe_idioma,exe_pais,exe_acabamento,exe_valor,for_id,ven_id) VALUES (771874907945100,exe_id_seq.nextval,351,'Inglês','Libya','lorem',70.54,4,15);
INSERT INTO exe_exemplar (liv_isbn,exe_id,exe_paginas,exe_idioma,exe_pais,exe_acabamento,exe_valor,for_id,ven_id) VALUES (056437381262466,exe_id_seq.nextval,1013,'Mandarim','French Polynesia','sem',40.56,5,11);
INSERT INTO exe_exemplar (liv_isbn,exe_id,exe_paginas,exe_idioma,exe_pais,exe_acabamento,exe_valor,for_id,ven_id) VALUES (041729687101428,exe_id_seq.nextval,146,'Inglês','El Salvador','risus varius',9.25,6,10);
INSERT INTO exe_exemplar (liv_isbn,exe_id,exe_paginas,exe_idioma,exe_pais,exe_acabamento,exe_valor,for_id,ven_id) VALUES (411349984456857,exe_id_seq.nextval,251,'Japonês','Albania','aliquet,',50.58,12,6);
INSERT INTO exe_exemplar (liv_isbn,exe_id,exe_paginas,exe_idioma,exe_pais,exe_acabamento,exe_valor,for_id,ven_id) VALUES (273760421690649,exe_id_seq.nextval,667,'Japonês','Virgin Islands, United States','at',60.46,20,18);
INSERT INTO exe_exemplar (liv_isbn,exe_id,exe_paginas,exe_idioma,exe_pais,exe_acabamento,exe_valor,for_id,ven_id) VALUES (275594812255750,exe_id_seq.nextval,1200,'Italiano','Germany','risus,',90.89,7,15);
INSERT INTO exe_exemplar (liv_isbn,exe_id,exe_paginas,exe_idioma,exe_pais,exe_acabamento,exe_valor,for_id,ven_id) VALUES (774148283901930,exe_id_seq.nextval,1477,'Português','Malta','auctor. Mauris',50.83,8,10);
INSERT INTO exe_exemplar (liv_isbn,exe_id,exe_paginas,exe_idioma,exe_pais,exe_acabamento,exe_valor,for_id,ven_id) VALUES (542815208226206,exe_id_seq.nextval,1377,'Mandarim','Ireland','non, egestas',8.67,9,8);
INSERT INTO exe_exemplar (liv_isbn,exe_id,exe_paginas,exe_idioma,exe_pais,exe_acabamento,exe_valor,for_id,ven_id) VALUES (283523850066088,exe_id_seq.nextval,310,'Italiano','Niger','elit,',90.92,10,8);
INSERT INTO exe_exemplar (liv_isbn,exe_id,exe_paginas,exe_idioma,exe_pais,exe_acabamento,exe_valor,for_id,ven_id) VALUES (533676867339060,exe_id_seq.nextval,1254,'Inglês','Haiti','Suspendisse',80.71,11,4);
INSERT INTO exe_exemplar (liv_isbn,exe_id,exe_paginas,exe_idioma,exe_pais,exe_acabamento,exe_valor,for_id,ven_id) VALUES (022524678866842,exe_id_seq.nextval,991,'Português','Nigeria','Nullam',80.52,12,6);
INSERT INTO exe_exemplar (liv_isbn,exe_id,exe_paginas,exe_idioma,exe_pais,exe_acabamento,exe_valor,for_id,ven_id) VALUES (248602793568432,exe_id_seq.nextval,832,'Italiano','Sri Lanka','sem molestie',10.77,13,5);
INSERT INTO exe_exemplar (liv_isbn,exe_id,exe_paginas,exe_idioma,exe_pais,exe_acabamento,exe_valor,for_id,ven_id) VALUES (194887593769032,exe_id_seq.nextval,1051,'Italiano','Belize','velit dui,',40.89,14,1);
INSERT INTO exe_exemplar (liv_isbn,exe_id,exe_paginas,exe_idioma,exe_pais,exe_acabamento,exe_valor,for_id,ven_id) VALUES (944560517384741,exe_id_seq.nextval,885,'Alemão','Malta','adipiscing.',90.09,15,18);
INSERT INTO exe_exemplar (liv_isbn,exe_id,exe_paginas,exe_idioma,exe_pais,exe_acabamento,exe_valor,for_id,ven_id) VALUES (229428391588968,exe_id_seq.nextval,323,'Italiano','Brunei','aliquet',40.44,16,21);
INSERT INTO exe_exemplar (liv_isbn,exe_id,exe_paginas,exe_idioma,exe_pais,exe_acabamento,exe_valor,for_id,ven_id) VALUES (776957925787985,exe_id_seq.nextval,605,'Alemão','Venezuela','nonummy.',20.85,17,14);
INSERT INTO exe_exemplar (liv_isbn,exe_id,exe_paginas,exe_idioma,exe_pais,exe_acabamento,exe_valor,for_id,ven_id) VALUES (472099652721002,exe_id_seq.nextval,1338,'Português','Timor-Leste','taciti sociosqu',10.34,18,12);
INSERT INTO exe_exemplar (liv_isbn,exe_id,exe_paginas,exe_idioma,exe_pais,exe_acabamento,exe_valor,for_id,ven_id) VALUES (060711239435271,exe_id_seq.nextval,725,'Mandarim','Aruba','parturient',40.83,19,8);
INSERT INTO exe_exemplar (liv_isbn,exe_id,exe_paginas,exe_idioma,exe_pais,exe_acabamento,exe_valor,for_id,ven_id) VALUES (627214970580450,exe_id_seq.nextval,517,'Japonês','Viet Nam','in,',70.26,20,5);
INSERT INTO exe_exemplar (liv_isbn,exe_id,exe_paginas,exe_idioma,exe_pais,exe_acabamento,exe_valor,for_id,ven_id) VALUES (941978707325312,exe_id_seq.nextval,950,'Português','Aruba','nec,',20.10,21,10);
INSERT INTO exe_exemplar (liv_isbn,exe_id,exe_paginas,exe_idioma,exe_pais,exe_acabamento,exe_valor,for_id,ven_id) VALUES (926971704812581,exe_id_seq.nextval,903,'Alemão','Guinea','turpis nec',70.23,22,6);
INSERT INTO exe_exemplar (liv_isbn,exe_id,exe_paginas,exe_idioma,exe_pais,exe_acabamento,exe_valor,for_id,ven_id) VALUES (641252529884407,exe_id_seq.nextval,593,'Italiano','China','elit,',7.35,30,default);
INSERT INTO exe_exemplar (liv_isbn,exe_id,exe_paginas,exe_idioma,exe_pais,exe_acabamento,exe_valor,for_id,ven_id) VALUES (248602793568432,exe_id_seq.nextval,873,'Japonês','Gibraltar','Donec tincidunt.',90.02,23,default);
INSERT INTO exe_exemplar (liv_isbn,exe_id,exe_paginas,exe_idioma,exe_pais,exe_acabamento,exe_valor,for_id,ven_id) VALUES (625578139540532,exe_id_seq.nextval,124,'Alemão','Hong Kong','rhoncus. Proin',40.66,24,default);
INSERT INTO exe_exemplar (liv_isbn,exe_id,exe_paginas,exe_idioma,exe_pais,exe_acabamento,exe_valor,for_id,ven_id) VALUES (128703946168814,exe_id_seq.nextval,755,'Inglês','Israel','ridiculus mus.',30.37,25,default);
--select * from exe_exemplar;
--select * from ofe_oferta;
--select * from exv_exemplar_vendido order by "No. pedido";
